Trait,Effect,ID_Original,Valor,Level,EBV,DEP
1,1,1,3.66801214,1,3.66801214,1.83400607
1,1,8,3.29061355,8,3.29061355,1.645306775
1,1,5,2.49780135,5,2.49780135,1.248900675
1,1,10,2.17902112,10,2.17902112,1.08951056
1,1,3,2.06593012,3,2.06593012,1.03296506
1,1,6,1.80249604,6,1.80249604,0.90124802
