ID_Original,Level,DEP_Trait_1,DEP_Trait_10,DEP_Trait_2,DEP_Trait_3,DEP_Trait_4,DEP_Trait_5,DEP_Trait_6,DEP_Trait_7,DEP_Trait_8,DEP_Trait_9
1,1,1.83400607,3.86013936,10.465042855,23.113360305,36.66322597,1.82615966,4.39776308,0.289677135,0.24162002,0.06051568
10,10,1.08951056,0.28648545,6.474051025,13.40140702,20.078125955,1.127167055,2.499007135,0.10808759,0.099527295,-0.00922455
3,3,1.03296506,2.33123643,6.709153945,15.37907047,25.123931455,1.26005209,2.9202448,0.13681422,0.120070205,-0.006031215
5,5,1.248900675,3.54965075,7.055180795,14.082974835,20.375720005,1.13690888,2.680030465,0.15803112,0.116620625,0.039573225
6,6,0.90124802,3.226916805,5.72301597,11.30034058,16.16181144,1.12707441,2.257364985,0.064370885,0.05964938,-0.034256335
8,8,1.645306775,-2.19027016,9.941895035,21.455284305,33.366790915,1.678442045,4.12148179,0.32270189,0.227261095,-0.140158325
